{"cameraMode":{"drawMode":0,"name":"Shaded","section":"Shading Mode"},"sceneLighting":true,"audioPlay":false,"sceneViewState":{"showFog":true,"showMaterialUpdate":false,"showSkybox":true,"showFlares":true,"showImageEffects":true,"showParticleSystems":true},"in2DMode":false,"pivot":{"x":18.698078155517579,"y":-0.5691776275634766,"z":-3.8985023498535158},"rotation":{"x":-0.12448131293058396,"y":-0.8632814884185791,"z":0.2588370442390442,"w":-0.4151036739349365},"size":37.36705780029297,"orthographic":false}