{"cameraMode":{"drawMode":0,"name":"Shaded","section":"Shading Mode"},"sceneLighting":false,"audioPlay":false,"sceneViewState":{"showFog":true,"showMaterialUpdate":false,"showSkybox":false,"showFlares":true,"showImageEffects":true,"showParticleSystems":true},"in2DMode":false,"pivot":{"x":7.450580596923828e-8,"y":2.9802322387695315e-8,"z":-2.384185791015625e-7},"rotation":{"x":-0.46167173981666567,"y":-0.5177057385444641,"z":0.3980576992034912,"w":-0.6003986597061157},"size":0.5977157354354858,"orthographic":true}