{"cameraMode":{"drawMode":0,"name":"Shaded","section":"Shading Mode"},"sceneLighting":false,"audioPlay":false,"sceneViewState":{"showFog":true,"showMaterialUpdate":false,"showSkybox":false,"showFlares":true,"showImageEffects":true,"showParticleSystems":true},"in2DMode":false,"pivot":{"x":-0.17805695533752442,"y":-0.241606205701828,"z":0.20096564292907716},"rotation":{"x":-0.2950761318206787,"y":0.1421137899160385,"z":-0.0444042794406414,"w":-0.9438521862030029},"size":3.41545033454895,"orthographic":true}