{"cameraMode":{"drawMode":0,"name":"Shaded","section":"Shading Mode"},"sceneLighting":false,"audioPlay":false,"sceneViewState":{"showFog":true,"showMaterialUpdate":false,"showSkybox":false,"showFlares":true,"showImageEffects":true,"showParticleSystems":true},"in2DMode":false,"pivot":{"x":5.361999988555908,"y":0.7999999523162842,"z":2.3759994506835939},"rotation":{"x":-0.031578682363033298,"y":-0.9676929116249085,"z":0.15666285157203675,"w":-0.19506074488162995},"size":0.8660253882408142,"orthographic":true}