{"cameraMode":{"drawMode":0,"name":"Shaded","section":"Shading Mode"},"sceneLighting":true,"audioPlay":false,"sceneViewState":{"showFog":true,"showMaterialUpdate":false,"showSkybox":true,"showFlares":true,"showImageEffects":true,"showParticleSystems":true},"in2DMode":false,"pivot":{"x":13.144121170043946,"y":-3.891397476196289,"z":310.0743103027344},"rotation":{"x":0.4070967435836792,"y":0.5811333656311035,"z":-0.4161667227745056,"w":0.568864643573761},"size":42.5324592590332,"orthographic":false}