{"cameraMode":{"drawMode":0,"name":"Shaded","section":"Shading Mode"},"sceneLighting":false,"audioPlay":false,"sceneViewState":{"showFog":true,"showMaterialUpdate":false,"showSkybox":false,"showFlares":true,"showImageEffects":true,"showParticleSystems":true},"in2DMode":false,"pivot":{"x":-0.7410000562667847,"y":-11.060616493225098,"z":-14.343975067138672},"rotation":{"x":-0.35269737243652346,"y":0.4548071026802063,"z":-0.20245593786239625,"w":-0.7923192381858826},"size":1.4389938116073609,"orthographic":false}