{"cameraMode":{"drawMode":0,"name":"Shaded","section":"Shading Mode"},"sceneLighting":false,"audioPlay":false,"sceneViewState":{"showFog":true,"showMaterialUpdate":false,"showSkybox":false,"showFlares":true,"showImageEffects":true,"showParticleSystems":true},"in2DMode":false,"pivot":{"x":5.133543491363525,"y":-11.518733978271485,"z":-9.314794540405274},"rotation":{"x":-0.35269737243652346,"y":0.4548071026802063,"z":-0.20245593786239625,"w":-0.7923192381858826},"size":0.6224891543388367,"orthographic":false}