{"cameraMode":{"drawMode":0,"name":"Shaded","section":"Shading Mode"},"sceneLighting":false,"audioPlay":false,"sceneViewState":{"showFog":true,"showMaterialUpdate":false,"showSkybox":false,"showFlares":true,"showImageEffects":true,"showParticleSystems":true},"in2DMode":false,"pivot":{"x":-5.066394805908203e-7,"y":2.980232238769531e-7,"z":4.172325134277344e-7},"rotation":{"x":0.08116967231035233,"y":0.7371737957000732,"z":-0.09001340717077255,"w":0.6648068428039551},"size":0.8334200382232666,"orthographic":true}