{"cameraMode":{"drawMode":0,"name":"Shaded","section":"Shading Mode"},"sceneLighting":false,"audioPlay":false,"sceneViewState":{"showFog":true,"showMaterialUpdate":false,"showSkybox":false,"showFlares":true,"showImageEffects":true,"showParticleSystems":true},"in2DMode":false,"pivot":{"x":-2.001293420791626,"y":2.1218061447143556,"z":4.1714253425598148},"rotation":{"x":0.3748091459274292,"y":-0.20729728043079377,"z":0.08638141304254532,"w":0.8994983434677124},"size":5.99515438079834,"orthographic":false}