{"cameraMode":{"drawMode":0,"name":"Shaded","section":"Shading Mode"},"sceneLighting":false,"audioPlay":false,"sceneViewState":{"showFog":true,"showMaterialUpdate":false,"showSkybox":false,"showFlares":true,"showImageEffects":true,"showParticleSystems":true},"in2DMode":false,"pivot":{"x":3.2976999282836916,"y":2.1929001808166506,"z":-13.235099792480469},"rotation":{"x":-0.35269737243652346,"y":0.4548071026802063,"z":-0.20245593786239625,"w":-0.7923192381858826},"size":3.60589861869812,"orthographic":false}