{"cameraMode":{"drawMode":0,"name":"Shaded","section":"Shading Mode"},"sceneLighting":false,"audioPlay":false,"sceneViewState":{"showFog":true,"showMaterialUpdate":false,"showSkybox":false,"showFlares":true,"showImageEffects":true,"showParticleSystems":true},"in2DMode":false,"pivot":{"x":328.91766357421877,"y":399.59625244140627,"z":27.02911376953125},"rotation":{"x":-0.03281722590327263,"y":0.10590457916259766,"z":0.0034496081061661245,"w":0.9938917756080627},"size":192.43682861328126,"orthographic":true}