{"cameraMode":{"drawMode":0,"name":"Shaded","section":"Shading Mode"},"sceneLighting":false,"audioPlay":false,"sceneViewState":{"showFog":true,"showMaterialUpdate":false,"showSkybox":false,"showFlares":true,"showImageEffects":true,"showParticleSystems":true},"in2DMode":false,"pivot":{"x":-1.4901161193847657e-8,"y":-3.725290298461914e-8,"z":0.0},"rotation":{"x":0.07442079484462738,"y":-0.7777460217475891,"z":0.09377487748861313,"w":0.6171417236328125},"size":0.14790259301662446,"orthographic":true}