{"cameraMode":{"drawMode":0,"name":"Shaded","section":"Shading Mode"},"sceneLighting":false,"audioPlay":false,"sceneViewState":{"showFog":true,"showMaterialUpdate":false,"showSkybox":false,"showFlares":true,"showImageEffects":true,"showParticleSystems":true},"in2DMode":false,"pivot":{"x":5.0,"y":0.7200000286102295,"z":2.4100000858306886},"rotation":{"x":0.2820087671279907,"y":-0.6458252668380737,"z":0.2791396379470825,"w":0.6523685455322266},"size":1.2247449159622193,"orthographic":true}