{"cameraMode":{"drawMode":0,"name":"Shaded","section":"Shading Mode"},"sceneLighting":false,"audioPlay":false,"sceneViewState":{"showFog":true,"showMaterialUpdate":false,"showSkybox":false,"showFlares":true,"showImageEffects":true,"showParticleSystems":true},"in2DMode":false,"pivot":{"x":3.3238000869750978,"y":1.3417999744415284,"z":11.964699745178223},"rotation":{"x":-0.35269737243652346,"y":0.4548071026802063,"z":-0.20245593786239625,"w":-0.7923192381858826},"size":2.039320945739746,"orthographic":false}