{"cameraMode":{"drawMode":0,"name":"Shaded","section":"Shading Mode"},"sceneLighting":false,"audioPlay":false,"sceneViewState":{"showFog":true,"showMaterialUpdate":false,"showSkybox":false,"showFlares":true,"showImageEffects":true,"showParticleSystems":true},"in2DMode":false,"pivot":{"x":1.16998291015625,"y":-13.920000076293946,"z":-28.691883087158204},"rotation":{"x":-0.3135680854320526,"y":0.5237758159637451,"z":-0.21549057960510255,"w":-0.7621662616729736},"size":3.606937885284424,"orthographic":false}