{"cameraMode":{"drawMode":0,"name":"Shaded","section":"Shading Mode"},"sceneLighting":true,"audioPlay":false,"sceneViewState":{"showFog":true,"showMaterialUpdate":false,"showSkybox":true,"showFlares":true,"showImageEffects":true,"showParticleSystems":true},"in2DMode":false,"pivot":{"x":23.316669464111329,"y":6.344352722167969,"z":-7.865528106689453},"rotation":{"x":0.25550800561904909,"y":0.41174060106277468,"z":-0.12144608050584793,"w":0.8663138151168823},"size":31.04835319519043,"orthographic":false}