{"cameraMode":{"drawMode":0,"name":"Shaded","section":"Shading Mode"},"sceneLighting":true,"audioPlay":false,"sceneViewState":{"showFog":true,"showMaterialUpdate":false,"showSkybox":true,"showFlares":true,"showImageEffects":true,"showParticleSystems":true},"in2DMode":false,"pivot":{"x":28.27065658569336,"y":-1.2293682098388672,"z":24.818031311035158},"rotation":{"x":-0.12746486067771913,"y":0.005373147316277027,"z":-0.0006898780120536685,"w":-0.9918773174285889},"size":61.31816864013672,"orthographic":false}